img_2019-08-26_02-05-32_0.jpg,0
img_2019-08-26_02-05-32_1.jpg,0
img_2019-08-26_02-05-32_2.jpg,0
img_2019-08-26_02-05-32_3.jpg,0
img_2019-08-26_02-05-32_4.jpg,0
img_2019-08-26_02-05-32_5.jpg,0
img_2019-08-26_02-05-32_6.jpg,0
img_2019-08-26_02-05-32_7.jpg,0
img_2019-08-26_02-05-32_8.jpg,0
img_2019-08-26_02-05-32_9.jpg,0
img_2019-08-26_02-05-32_10.jpg,2
img_2019-08-26_02-05-32_11.jpg,2
img_2019-08-26_02-05-32_12.jpg,2
img_2019-08-26_02-05-32_13.jpg,2
img_2019-08-26_02-05-33_14.jpg,2
img_2019-08-26_02-05-33_15.jpg,2
img_2019-08-26_02-05-33_16.jpg,2
img_2019-08-26_02-05-33_17.jpg,2
img_2019-08-26_02-05-33_18.jpg,2
img_2019-08-26_02-05-33_19.jpg,2
img_2019-08-26_02-05-33_20.jpg,2
img_2019-08-26_02-05-33_21.jpg,2
img_2019-08-26_02-05-33_22.jpg,2
img_2019-08-26_02-05-33_23.jpg,2
img_2019-08-26_02-05-33_24.jpg,2
img_2019-08-26_02-05-33_25.jpg,2
img_2019-08-26_02-05-33_26.jpg,2
img_2019-08-26_02-05-33_27.jpg,2
img_2019-08-26_02-05-33_28.jpg,2
img_2019-08-26_02-05-33_29.jpg,2
img_2019-08-26_02-05-33_30.jpg,2
img_2019-08-26_02-05-34_31.jpg,2
img_2019-08-26_02-05-34_32.jpg,2
img_2019-08-26_02-05-34_33.jpg,2
img_2019-08-26_02-05-34_34.jpg,2
img_2019-08-26_02-05-34_35.jpg,2
img_2019-08-26_02-05-34_36.jpg,2
img_2019-08-26_02-05-34_37.jpg,2
img_2019-08-26_02-05-34_38.jpg,2
img_2019-08-26_02-05-34_39.jpg,2
img_2019-08-26_02-05-34_40.jpg,2
img_2019-08-26_02-05-34_41.jpg,2
img_2019-08-26_02-05-34_42.jpg,2
img_2019-08-26_02-05-34_43.jpg,2
img_2019-08-26_02-05-34_44.jpg,2
img_2019-08-26_02-05-34_45.jpg,2
img_2019-08-26_02-05-34_46.jpg,2
img_2019-08-26_02-05-35_47.jpg,2
img_2019-08-26_02-05-35_48.jpg,2
img_2019-08-26_02-05-35_49.jpg,2
img_2019-08-26_02-05-35_50.jpg,2
img_2019-08-26_02-05-35_51.jpg,2
img_2019-08-26_02-05-35_52.jpg,2
img_2019-08-26_02-05-35_53.jpg,2
img_2019-08-26_02-05-35_54.jpg,2
img_2019-08-26_02-05-35_55.jpg,2
img_2019-08-26_02-05-35_56.jpg,2
img_2019-08-26_02-05-35_57.jpg,2
img_2019-08-26_02-05-35_58.jpg,2
img_2019-08-26_02-05-35_59.jpg,2
img_2019-08-26_02-05-35_60.jpg,2
img_2019-08-26_02-05-35_61.jpg,2
img_2019-08-26_02-05-35_62.jpg,2
img_2019-08-26_02-05-35_63.jpg,2
img_2019-08-26_02-05-36_64.jpg,2
img_2019-08-26_02-05-36_65.jpg,2
img_2019-08-26_02-05-36_66.jpg,2
img_2019-08-26_02-05-36_67.jpg,2
img_2019-08-26_02-05-36_68.jpg,2
img_2019-08-26_02-05-36_69.jpg,2
img_2019-08-26_02-05-36_70.jpg,2
img_2019-08-26_02-05-36_71.jpg,2
img_2019-08-26_02-05-36_72.jpg,2
img_2019-08-26_02-05-36_73.jpg,2
img_2019-08-26_02-05-36_74.jpg,2
img_2019-08-26_02-05-36_75.jpg,2
img_2019-08-26_02-05-36_76.jpg,2
img_2019-08-26_02-05-36_77.jpg,2
img_2019-08-26_02-05-36_78.jpg,2
img_2019-08-26_02-05-36_79.jpg,2
img_2019-08-26_02-05-37_80.jpg,2
img_2019-08-26_02-05-37_81.jpg,2
img_2019-08-26_02-05-37_82.jpg,2
img_2019-08-26_02-05-37_83.jpg,2
img_2019-08-26_02-05-37_84.jpg,2
img_2019-08-26_02-05-37_85.jpg,2
img_2019-08-26_02-05-37_86.jpg,2
img_2019-08-26_02-05-37_87.jpg,2
img_2019-08-26_02-05-37_88.jpg,2
img_2019-08-26_02-05-37_89.jpg,2
img_2019-08-26_02-05-37_90.jpg,2
img_2019-08-26_02-05-37_91.jpg,2
img_2019-08-26_02-05-37_92.jpg,2
img_2019-08-26_02-05-37_93.jpg,2
img_2019-08-26_02-05-37_94.jpg,2
img_2019-08-26_02-05-37_95.jpg,2
img_2019-08-26_02-05-37_96.jpg,2
img_2019-08-26_02-05-38_97.jpg,2
img_2019-08-26_02-05-38_98.jpg,2
img_2019-08-26_02-05-38_99.jpg,2
img_2019-08-26_02-05-38_100.jpg,2
img_2019-08-26_02-05-38_101.jpg,2
img_2019-08-26_02-05-38_102.jpg,2
img_2019-08-26_02-05-38_103.jpg,1
img_2019-08-26_02-05-38_104.jpg,2
img_2019-08-26_02-05-38_105.jpg,2
img_2019-08-26_02-05-38_106.jpg,2
img_2019-08-26_02-05-38_107.jpg,2
img_2019-08-26_02-05-38_108.jpg,2
img_2019-08-26_02-05-38_109.jpg,2
img_2019-08-26_02-05-38_110.jpg,2
img_2019-08-26_02-05-38_111.jpg,2
img_2019-08-26_02-05-38_112.jpg,2
img_2019-08-26_02-05-38_113.jpg,2
img_2019-08-26_02-05-39_114.jpg,2
img_2019-08-26_02-05-39_115.jpg,2
img_2019-08-26_02-05-39_116.jpg,2
img_2019-08-26_02-05-39_117.jpg,1
img_2019-08-26_02-05-39_118.jpg,2
img_2019-08-26_02-05-39_119.jpg,2
img_2019-08-26_02-05-39_120.jpg,2
img_2019-08-26_02-05-39_121.jpg,2
img_2019-08-26_02-05-39_122.jpg,2
img_2019-08-26_02-05-39_123.jpg,2
img_2019-08-26_02-05-39_124.jpg,2
img_2019-08-26_02-05-39_125.jpg,2
img_2019-08-26_02-05-39_126.jpg,2
img_2019-08-26_02-05-39_127.jpg,2
img_2019-08-26_02-05-39_128.jpg,2
img_2019-08-26_02-05-39_129.jpg,2
img_2019-08-26_02-05-40_130.jpg,2
img_2019-08-26_02-05-40_131.jpg,1
img_2019-08-26_02-05-40_132.jpg,1
img_2019-08-26_02-05-40_133.jpg,1
img_2019-08-26_02-05-40_134.jpg,1
img_2019-08-26_02-05-40_135.jpg,2
img_2019-08-26_02-05-40_136.jpg,2
img_2019-08-26_02-05-40_137.jpg,2
img_2019-08-26_02-05-40_138.jpg,2
img_2019-08-26_02-05-40_139.jpg,2
img_2019-08-26_02-05-40_140.jpg,2
img_2019-08-26_02-05-40_141.jpg,2
img_2019-08-26_02-05-40_142.jpg,2
img_2019-08-26_02-05-40_143.jpg,2
img_2019-08-26_02-05-40_144.jpg,2
img_2019-08-26_02-05-40_145.jpg,2
img_2019-08-26_02-05-40_146.jpg,2
img_2019-08-26_02-05-41_147.jpg,2
img_2019-08-26_02-05-41_148.jpg,2
img_2019-08-26_02-05-41_149.jpg,2
img_2019-08-26_02-05-41_150.jpg,2
img_2019-08-26_02-05-41_151.jpg,2
img_2019-08-26_02-05-41_152.jpg,2
img_2019-08-26_02-05-41_153.jpg,2
img_2019-08-26_02-05-41_154.jpg,2
img_2019-08-26_02-05-41_155.jpg,2
img_2019-08-26_02-05-41_156.jpg,2
img_2019-08-26_02-05-41_157.jpg,2
img_2019-08-26_02-05-41_158.jpg,2
img_2019-08-26_02-05-41_159.jpg,2
img_2019-08-26_02-05-41_160.jpg,2
img_2019-08-26_02-05-41_161.jpg,2
img_2019-08-26_02-05-41_162.jpg,2
img_2019-08-26_02-05-41_163.jpg,2
img_2019-08-26_02-05-42_164.jpg,2
img_2019-08-26_02-05-42_165.jpg,2
img_2019-08-26_02-05-42_166.jpg,2
img_2019-08-26_02-05-42_167.jpg,2
img_2019-08-26_02-05-42_168.jpg,2
img_2019-08-26_02-05-42_169.jpg,2
img_2019-08-26_02-05-42_170.jpg,2
img_2019-08-26_02-05-42_171.jpg,2
img_2019-08-26_02-05-42_172.jpg,2
img_2019-08-26_02-05-42_173.jpg,2
img_2019-08-26_02-05-42_174.jpg,2
img_2019-08-26_02-05-42_175.jpg,2
img_2019-08-26_02-05-42_176.jpg,2
img_2019-08-26_02-05-42_177.jpg,2
img_2019-08-26_02-05-42_178.jpg,2
img_2019-08-26_02-05-42_179.jpg,2
img_2019-08-26_02-05-43_180.jpg,2
img_2019-08-26_02-05-43_181.jpg,2
img_2019-08-26_02-05-43_182.jpg,2
img_2019-08-26_02-05-43_183.jpg,2
img_2019-08-26_02-05-43_184.jpg,2
img_2019-08-26_02-05-43_185.jpg,2
img_2019-08-26_02-05-43_186.jpg,2
img_2019-08-26_02-05-43_187.jpg,2
img_2019-08-26_02-05-43_188.jpg,2
img_2019-08-26_02-05-43_189.jpg,2
img_2019-08-26_02-05-43_190.jpg,2
img_2019-08-26_02-05-43_191.jpg,2
img_2019-08-26_02-05-43_192.jpg,2
img_2019-08-26_02-05-43_193.jpg,2
img_2019-08-26_02-05-43_194.jpg,2
img_2019-08-26_02-05-43_195.jpg,2
img_2019-08-26_02-05-43_196.jpg,2
img_2019-08-26_02-05-44_197.jpg,2
img_2019-08-26_02-05-44_198.jpg,2
img_2019-08-26_02-05-44_199.jpg,2
img_2019-08-26_02-05-44_200.jpg,2
img_2019-08-26_02-05-44_201.jpg,2
img_2019-08-26_02-05-44_202.jpg,2
img_2019-08-26_02-05-44_203.jpg,2
img_2019-08-26_02-05-44_204.jpg,2
img_2019-08-26_02-05-44_205.jpg,2
img_2019-08-26_02-05-44_206.jpg,2
img_2019-08-26_02-05-44_207.jpg,2
img_2019-08-26_02-05-44_208.jpg,2
img_2019-08-26_02-05-44_209.jpg,2
img_2019-08-26_02-05-44_210.jpg,2
img_2019-08-26_02-05-44_211.jpg,2
img_2019-08-26_02-05-44_212.jpg,2
img_2019-08-26_02-05-44_213.jpg,2
img_2019-08-26_02-05-45_214.jpg,2
img_2019-08-26_02-05-45_215.jpg,2
img_2019-08-26_02-05-45_216.jpg,2
img_2019-08-26_02-05-45_217.jpg,2
img_2019-08-26_02-05-45_218.jpg,2
img_2019-08-26_02-05-45_219.jpg,2
img_2019-08-26_02-05-45_220.jpg,2
img_2019-08-26_02-05-45_221.jpg,2
img_2019-08-26_02-05-45_222.jpg,2
img_2019-08-26_02-05-45_223.jpg,2
img_2019-08-26_02-05-45_224.jpg,2
img_2019-08-26_02-05-45_225.jpg,2
img_2019-08-26_02-05-45_226.jpg,2
img_2019-08-26_02-05-45_227.jpg,2
img_2019-08-26_02-05-45_228.jpg,2
img_2019-08-26_02-05-45_229.jpg,2
img_2019-08-26_02-05-46_230.jpg,2
img_2019-08-26_02-05-46_231.jpg,2
img_2019-08-26_02-05-46_232.jpg,2
img_2019-08-26_02-05-46_233.jpg,2
img_2019-08-26_02-05-46_234.jpg,2
img_2019-08-26_02-05-46_235.jpg,2
img_2019-08-26_02-05-46_236.jpg,2
img_2019-08-26_02-05-46_237.jpg,2
img_2019-08-26_02-05-46_238.jpg,2
img_2019-08-26_02-05-46_239.jpg,3
img_2019-08-26_02-05-46_240.jpg,3
img_2019-08-26_02-05-46_241.jpg,3
img_2019-08-26_02-05-46_242.jpg,3
img_2019-08-26_02-05-46_243.jpg,3
img_2019-08-26_02-05-46_244.jpg,3
img_2019-08-26_02-05-46_245.jpg,3
img_2019-08-26_02-05-46_246.jpg,3
img_2019-08-26_02-05-47_247.jpg,3
img_2019-08-26_02-05-47_248.jpg,3
img_2019-08-26_02-05-47_249.jpg,3
img_2019-08-26_02-05-47_250.jpg,3
img_2019-08-26_02-05-47_251.jpg,3
img_2019-08-26_02-05-47_252.jpg,3
img_2019-08-26_02-05-47_253.jpg,3
img_2019-08-26_02-05-47_254.jpg,3
img_2019-08-26_02-05-47_255.jpg,3
img_2019-08-26_02-05-47_256.jpg,3
img_2019-08-26_02-05-47_257.jpg,3
img_2019-08-26_02-05-47_258.jpg,3
img_2019-08-26_02-05-47_259.jpg,3
img_2019-08-26_02-05-47_260.jpg,3
img_2019-08-26_02-05-47_261.jpg,3
img_2019-08-26_02-05-47_262.jpg,3
img_2019-08-26_02-05-47_263.jpg,3
img_2019-08-26_02-05-48_264.jpg,3
img_2019-08-26_02-05-48_265.jpg,3
img_2019-08-26_02-05-48_266.jpg,3
img_2019-08-26_02-05-48_267.jpg,2
img_2019-08-26_02-05-48_268.jpg,2
img_2019-08-26_02-05-48_269.jpg,2
img_2019-08-26_02-05-48_270.jpg,2
img_2019-08-26_02-05-48_271.jpg,2
img_2019-08-26_02-05-48_272.jpg,2
img_2019-08-26_02-05-48_273.jpg,2
img_2019-08-26_02-05-48_274.jpg,3
img_2019-08-26_02-05-48_275.jpg,3
img_2019-08-26_02-05-48_276.jpg,3
img_2019-08-26_02-05-48_277.jpg,3
img_2019-08-26_02-05-48_278.jpg,3
img_2019-08-26_02-05-48_279.jpg,3
img_2019-08-26_02-05-49_280.jpg,3
img_2019-08-26_02-05-49_281.jpg,3
img_2019-08-26_02-05-49_282.jpg,3
img_2019-08-26_02-05-49_283.jpg,2
img_2019-08-26_02-05-49_284.jpg,2
img_2019-08-26_02-05-49_285.jpg,2
img_2019-08-26_02-05-49_286.jpg,2
img_2019-08-26_02-05-49_287.jpg,2
img_2019-08-26_02-05-49_288.jpg,2
img_2019-08-26_02-05-49_289.jpg,2
img_2019-08-26_02-05-49_290.jpg,2
img_2019-08-26_02-05-50_291.jpg,2
img_2019-08-26_02-05-50_292.jpg,2
img_2019-08-26_02-05-50_293.jpg,3
img_2019-08-26_02-05-50_294.jpg,3
img_2019-08-26_02-05-50_295.jpg,3
img_2019-08-26_02-05-50_296.jpg,3
img_2019-08-26_02-05-50_297.jpg,3
img_2019-08-26_02-05-50_298.jpg,3
img_2019-08-26_02-05-51_299.jpg,3
img_2019-08-26_02-05-51_300.jpg,3
img_2019-08-26_02-05-51_301.jpg,3
img_2019-08-26_02-05-51_302.jpg,3
img_2019-08-26_02-05-51_303.jpg,3
img_2019-08-26_02-05-51_304.jpg,3
img_2019-08-26_02-05-51_305.jpg,2
img_2019-08-26_02-05-51_306.jpg,2
img_2019-08-26_02-05-51_307.jpg,2
img_2019-08-26_02-05-52_308.jpg,2
img_2019-08-26_02-05-52_309.jpg,2
img_2019-08-26_02-05-52_310.jpg,2
img_2019-08-26_02-05-52_311.jpg,2
img_2019-08-26_02-05-52_312.jpg,2
img_2019-08-26_02-05-52_313.jpg,2
img_2019-08-26_02-05-52_314.jpg,2
img_2019-08-26_02-05-52_315.jpg,2
img_2019-08-26_02-05-53_316.jpg,2
img_2019-08-26_02-05-53_317.jpg,2
img_2019-08-26_02-05-53_318.jpg,2
img_2019-08-26_02-05-53_319.jpg,2
img_2019-08-26_02-05-53_320.jpg,2
img_2019-08-26_02-05-53_321.jpg,2
img_2019-08-26_02-05-53_322.jpg,2
img_2019-08-26_02-05-53_323.jpg,2
img_2019-08-26_02-05-54_324.jpg,2
img_2019-08-26_02-05-54_325.jpg,2
img_2019-08-26_02-05-54_326.jpg,2
img_2019-08-26_02-05-54_327.jpg,2
img_2019-08-26_02-05-54_328.jpg,2
img_2019-08-26_02-05-54_329.jpg,2
img_2019-08-26_02-05-54_330.jpg,3
img_2019-08-26_02-05-54_331.jpg,3
img_2019-08-26_02-05-54_332.jpg,3
img_2019-08-26_02-05-55_333.jpg,2
img_2019-08-26_02-05-55_334.jpg,2
img_2019-08-26_02-05-55_335.jpg,2
img_2019-08-26_02-05-55_336.jpg,2
img_2019-08-26_02-05-55_337.jpg,2
img_2019-08-26_02-05-55_338.jpg,2
img_2019-08-26_02-05-55_339.jpg,2
img_2019-08-26_02-05-55_340.jpg,2
img_2019-08-26_02-05-56_341.jpg,2
img_2019-08-26_02-05-56_342.jpg,3
img_2019-08-26_02-05-56_343.jpg,2
img_2019-08-26_02-05-56_344.jpg,2
img_2019-08-26_02-05-56_345.jpg,2
img_2019-08-26_02-05-56_346.jpg,2
img_2019-08-26_02-05-56_347.jpg,3
img_2019-08-26_02-05-56_348.jpg,3
img_2019-08-26_02-05-57_349.jpg,2
img_2019-08-26_02-05-57_350.jpg,2
img_2019-08-26_02-05-57_351.jpg,2
img_2019-08-26_02-05-57_352.jpg,2
img_2019-08-26_02-05-57_353.jpg,2
img_2019-08-26_02-05-57_354.jpg,2
img_2019-08-26_02-05-57_355.jpg,2
img_2019-08-26_02-05-57_356.jpg,2
img_2019-08-26_02-05-57_357.jpg,2
img_2019-08-26_02-05-58_358.jpg,2
img_2019-08-26_02-05-58_359.jpg,2
img_2019-08-26_02-05-58_360.jpg,2
img_2019-08-26_02-05-58_361.jpg,2
img_2019-08-26_02-05-58_362.jpg,2
img_2019-08-26_02-05-58_363.jpg,2
img_2019-08-26_02-05-58_364.jpg,2
img_2019-08-26_02-05-58_365.jpg,2
img_2019-08-26_02-05-59_366.jpg,2
img_2019-08-26_02-06-10_0.jpg,0
img_2019-08-26_02-06-10_1.jpg,0
img_2019-08-26_02-06-10_2.jpg,0
img_2019-08-26_02-06-10_3.jpg,0
img_2019-08-26_02-06-10_4.jpg,2
img_2019-08-26_02-06-10_5.jpg,2
img_2019-08-26_02-06-10_6.jpg,2
img_2019-08-26_02-06-11_7.jpg,2
img_2019-08-26_02-06-11_8.jpg,2
img_2019-08-26_02-06-11_9.jpg,2
img_2019-08-26_02-06-11_10.jpg,2
img_2019-08-26_02-06-11_11.jpg,2
img_2019-08-26_02-06-11_12.jpg,2
img_2019-08-26_02-06-11_13.jpg,2
img_2019-08-26_02-06-11_14.jpg,2
img_2019-08-26_02-06-11_15.jpg,2
img_2019-08-26_02-06-12_16.jpg,2
img_2019-08-26_02-06-12_17.jpg,2
img_2019-08-26_02-06-12_18.jpg,2
img_2019-08-26_02-06-12_19.jpg,2
img_2019-08-26_02-06-12_20.jpg,2
img_2019-08-26_02-06-12_21.jpg,2
img_2019-08-26_02-06-12_22.jpg,2
img_2019-08-26_02-06-12_23.jpg,2
img_2019-08-26_02-06-13_24.jpg,2
img_2019-08-26_02-06-13_25.jpg,2
img_2019-08-26_02-06-13_26.jpg,2
img_2019-08-26_02-06-13_27.jpg,2
img_2019-08-26_02-06-13_28.jpg,2
img_2019-08-26_02-06-13_29.jpg,2
img_2019-08-26_02-06-13_30.jpg,2
img_2019-08-26_02-06-13_31.jpg,2
img_2019-08-26_02-06-14_32.jpg,2
img_2019-08-26_02-06-14_33.jpg,2
img_2019-08-26_02-06-14_34.jpg,2
img_2019-08-26_02-06-14_35.jpg,2
img_2019-08-26_02-06-14_36.jpg,2
img_2019-08-26_02-06-14_37.jpg,2
img_2019-08-26_02-06-14_38.jpg,2
img_2019-08-26_02-06-14_39.jpg,2
img_2019-08-26_02-06-14_40.jpg,2
img_2019-08-26_02-06-15_41.jpg,2
img_2019-08-26_02-06-15_42.jpg,2
img_2019-08-26_02-06-15_43.jpg,2
img_2019-08-26_02-06-15_44.jpg,2
img_2019-08-26_02-06-15_45.jpg,2
img_2019-08-26_02-06-15_46.jpg,2
img_2019-08-26_02-06-15_47.jpg,2
img_2019-08-26_02-06-15_48.jpg,2
img_2019-08-26_02-06-16_49.jpg,2
img_2019-08-26_02-06-16_50.jpg,3
img_2019-08-26_02-06-16_51.jpg,2
img_2019-08-26_02-06-16_52.jpg,2
img_2019-08-26_02-06-16_53.jpg,2
img_2019-08-26_02-06-16_54.jpg,2
img_2019-08-26_02-06-16_55.jpg,3
img_2019-08-26_02-06-16_56.jpg,3
img_2019-08-26_02-06-17_57.jpg,3
img_2019-08-26_02-06-17_58.jpg,2
img_2019-08-26_02-06-17_59.jpg,2
img_2019-08-26_02-06-17_60.jpg,2
img_2019-08-26_02-06-17_61.jpg,2
img_2019-08-26_02-06-17_62.jpg,2
img_2019-08-26_02-06-17_63.jpg,2
img_2019-08-26_02-06-17_64.jpg,2
img_2019-08-26_02-06-17_65.jpg,2
img_2019-08-26_02-06-18_66.jpg,2
img_2019-08-26_02-06-18_67.jpg,2
img_2019-08-26_02-06-18_68.jpg,2
img_2019-08-26_02-06-18_69.jpg,2
img_2019-08-26_02-06-18_70.jpg,2
img_2019-08-26_02-06-18_71.jpg,2
img_2019-08-26_02-06-18_72.jpg,1
img_2019-08-26_02-06-18_73.jpg,2
img_2019-08-26_02-06-19_74.jpg,2
img_2019-08-26_02-06-19_75.jpg,2
img_2019-08-26_02-06-19_76.jpg,2
img_2019-08-26_02-06-19_77.jpg,2
img_2019-08-26_02-06-19_78.jpg,2
img_2019-08-26_02-06-19_79.jpg,2
img_2019-08-26_02-06-19_80.jpg,2
img_2019-08-26_02-06-19_81.jpg,2
img_2019-08-26_02-06-20_82.jpg,2
img_2019-08-26_02-06-20_83.jpg,2
img_2019-08-26_02-06-20_84.jpg,2
img_2019-08-26_02-06-20_85.jpg,2
img_2019-08-26_02-06-20_86.jpg,2
img_2019-08-26_02-06-20_87.jpg,2
img_2019-08-26_02-06-20_88.jpg,2
img_2019-08-26_02-06-20_89.jpg,2
img_2019-08-26_02-06-20_90.jpg,2
img_2019-08-26_02-06-21_91.jpg,2
img_2019-08-26_02-06-21_92.jpg,2
img_2019-08-26_02-06-21_93.jpg,1
img_2019-08-26_02-06-21_94.jpg,1
img_2019-08-26_02-06-21_95.jpg,1
img_2019-08-26_02-06-21_96.jpg,1
img_2019-08-26_02-06-21_97.jpg,1
img_2019-08-26_02-06-21_98.jpg,1
img_2019-08-26_02-06-22_99.jpg,1
img_2019-08-26_02-06-22_100.jpg,1
img_2019-08-26_02-06-22_101.jpg,1
img_2019-08-26_02-06-22_102.jpg,1
img_2019-08-26_02-06-22_103.jpg,1
img_2019-08-26_02-06-22_104.jpg,1
img_2019-08-26_02-06-22_105.jpg,1
img_2019-08-26_02-06-22_106.jpg,1
img_2019-08-26_02-06-23_107.jpg,2
img_2019-08-26_02-06-23_108.jpg,2
img_2019-08-26_02-06-23_109.jpg,2
img_2019-08-26_02-06-23_110.jpg,2
img_2019-08-26_02-06-23_111.jpg,2
img_2019-08-26_02-06-23_112.jpg,2
img_2019-08-26_02-06-23_113.jpg,2
img_2019-08-26_02-06-23_114.jpg,3
img_2019-08-26_02-06-23_115.jpg,3
img_2019-08-26_02-06-24_116.jpg,2
img_2019-08-26_02-06-24_117.jpg,2
img_2019-08-26_02-06-24_118.jpg,2
img_2019-08-26_02-06-24_119.jpg,2
img_2019-08-26_02-06-24_120.jpg,2
img_2019-08-26_02-06-24_121.jpg,2
img_2019-08-26_02-06-24_122.jpg,2
img_2019-08-26_02-06-24_123.jpg,2
img_2019-08-26_02-06-25_124.jpg,1
img_2019-08-26_02-06-25_125.jpg,1
img_2019-08-26_02-06-25_126.jpg,1
img_2019-08-26_02-06-25_127.jpg,1
img_2019-08-26_02-06-25_128.jpg,1
img_2019-08-26_02-06-25_129.jpg,2
img_2019-08-26_02-06-25_130.jpg,2
img_2019-08-26_02-06-25_131.jpg,2
img_2019-08-26_02-06-26_132.jpg,2
img_2019-08-26_02-06-26_133.jpg,2
img_2019-08-26_02-06-26_134.jpg,2
img_2019-08-26_02-06-26_135.jpg,2
img_2019-08-26_02-06-26_136.jpg,2
img_2019-08-26_02-06-26_137.jpg,2
img_2019-08-26_02-06-26_138.jpg,2
img_2019-08-26_02-06-26_139.jpg,2
img_2019-08-26_02-06-26_140.jpg,2
img_2019-08-26_02-06-26_141.jpg,2
img_2019-08-26_02-06-26_142.jpg,2
img_2019-08-26_02-06-27_143.jpg,2
img_2019-08-26_02-06-27_144.jpg,2
img_2019-08-26_02-06-27_145.jpg,2
img_2019-08-26_02-06-27_146.jpg,2
img_2019-08-26_02-06-27_147.jpg,2
img_2019-08-26_02-06-27_148.jpg,2
img_2019-08-26_02-06-27_149.jpg,2
img_2019-08-26_02-06-27_150.jpg,2
img_2019-08-26_02-06-27_151.jpg,2
img_2019-08-26_02-06-27_152.jpg,2
img_2019-08-26_02-06-27_153.jpg,2
img_2019-08-26_02-06-27_154.jpg,2
img_2019-08-26_02-06-27_155.jpg,2
img_2019-08-26_02-06-28_156.jpg,2
img_2019-08-26_02-06-28_157.jpg,2
img_2019-08-26_02-06-28_158.jpg,2
img_2019-08-26_02-06-28_159.jpg,2
img_2019-08-26_02-06-28_160.jpg,2
img_2019-08-26_02-06-28_161.jpg,2
img_2019-08-26_02-06-28_162.jpg,2
img_2019-08-26_02-06-28_163.jpg,1
img_2019-08-26_02-06-28_164.jpg,1
img_2019-08-26_02-06-28_165.jpg,1
img_2019-08-26_02-06-28_166.jpg,1
img_2019-08-26_02-06-28_167.jpg,1
img_2019-08-26_02-06-29_168.jpg,1
img_2019-08-26_02-06-29_169.jpg,1
img_2019-08-26_02-06-29_170.jpg,1
img_2019-08-26_02-06-29_171.jpg,1
img_2019-08-26_02-06-29_172.jpg,1
img_2019-08-26_02-06-29_173.jpg,1
img_2019-08-26_02-06-29_174.jpg,1
img_2019-08-26_02-06-29_175.jpg,1
img_2019-08-26_02-06-29_176.jpg,1
img_2019-08-26_02-06-29_177.jpg,1
img_2019-08-26_02-06-29_178.jpg,1
img_2019-08-26_02-06-29_179.jpg,1
img_2019-08-26_02-06-29_180.jpg,1
img_2019-08-26_02-06-29_181.jpg,1
img_2019-08-26_02-06-29_182.jpg,1
img_2019-08-26_02-06-29_183.jpg,1
img_2019-08-26_02-06-30_184.jpg,2
img_2019-08-26_02-06-30_185.jpg,2
img_2019-08-26_02-06-30_186.jpg,2
img_2019-08-26_02-06-30_187.jpg,2
img_2019-08-26_02-06-30_188.jpg,2
img_2019-08-26_02-06-30_189.jpg,2
img_2019-08-26_02-06-30_190.jpg,2
img_2019-08-26_02-06-30_191.jpg,2
img_2019-08-26_02-06-30_192.jpg,2
img_2019-08-26_02-06-30_193.jpg,2
img_2019-08-26_02-06-30_194.jpg,2
img_2019-08-26_02-06-30_195.jpg,2
img_2019-08-26_02-06-30_196.jpg,2
img_2019-08-26_02-06-30_197.jpg,2
img_2019-08-26_02-06-30_198.jpg,2
img_2019-08-26_02-06-30_199.jpg,2
img_2019-08-26_02-06-30_200.jpg,2
img_2019-08-26_02-06-30_201.jpg,2
img_2019-08-26_02-06-30_202.jpg,2
img_2019-08-26_02-06-30_203.jpg,2
img_2019-08-26_02-06-31_204.jpg,2
img_2019-08-26_02-06-31_205.jpg,2
img_2019-08-26_02-06-31_206.jpg,2
img_2019-08-26_02-06-31_207.jpg,2
img_2019-08-26_02-06-31_208.jpg,2
img_2019-08-26_02-06-31_209.jpg,2
img_2019-08-26_02-06-31_210.jpg,2
img_2019-08-26_02-06-31_211.jpg,2
img_2019-08-26_02-06-31_212.jpg,2
img_2019-08-26_02-06-31_213.jpg,2
img_2019-08-26_02-06-31_214.jpg,2
img_2019-08-26_02-06-31_215.jpg,2
img_2019-08-26_02-06-31_216.jpg,2
img_2019-08-26_02-06-31_217.jpg,2
img_2019-08-26_02-06-31_218.jpg,1
img_2019-08-26_02-06-31_219.jpg,1
img_2019-08-26_02-06-31_220.jpg,1
img_2019-08-26_02-06-31_221.jpg,1
img_2019-08-26_02-06-31_222.jpg,1
img_2019-08-26_02-06-32_223.jpg,1
img_2019-08-26_02-06-32_224.jpg,1
img_2019-08-26_02-06-32_225.jpg,1
img_2019-08-26_02-06-32_226.jpg,1
img_2019-08-26_02-06-32_227.jpg,1
img_2019-08-26_02-06-32_228.jpg,1
img_2019-08-26_02-06-32_229.jpg,1
img_2019-08-26_02-06-32_230.jpg,1
img_2019-08-26_02-06-32_231.jpg,2
img_2019-08-26_02-06-32_232.jpg,2
img_2019-08-26_02-06-32_233.jpg,2
img_2019-08-26_02-06-32_234.jpg,2
img_2019-08-26_02-06-32_235.jpg,2
img_2019-08-26_02-06-32_236.jpg,2
img_2019-08-26_02-06-32_237.jpg,2
img_2019-08-26_02-06-32_238.jpg,2
img_2019-08-26_02-06-32_239.jpg,2
img_2019-08-26_02-06-32_240.jpg,2
img_2019-08-26_02-06-32_241.jpg,2
img_2019-08-26_02-06-32_242.jpg,2
img_2019-08-26_02-06-32_243.jpg,2
img_2019-08-26_02-06-33_244.jpg,2
img_2019-08-26_02-06-33_245.jpg,2
img_2019-08-26_02-06-33_246.jpg,2
img_2019-08-26_02-06-33_247.jpg,2
img_2019-08-26_02-06-33_248.jpg,1
img_2019-08-26_02-06-33_249.jpg,1
img_2019-08-26_02-06-33_250.jpg,1
img_2019-08-26_02-06-33_251.jpg,1
img_2019-08-26_02-06-33_252.jpg,1
img_2019-08-26_02-06-33_253.jpg,1
img_2019-08-26_02-06-33_254.jpg,1
img_2019-08-26_02-06-33_255.jpg,1
img_2019-08-26_02-06-33_256.jpg,2
img_2019-08-26_02-06-33_257.jpg,2
img_2019-08-26_02-06-33_258.jpg,2
img_2019-08-26_02-06-33_259.jpg,2
img_2019-08-26_02-06-33_260.jpg,2
img_2019-08-26_02-06-33_261.jpg,2
img_2019-08-26_02-06-33_262.jpg,2
img_2019-08-26_02-06-33_263.jpg,2
img_2019-08-26_02-06-34_264.jpg,2
img_2019-08-26_02-06-34_265.jpg,2
img_2019-08-26_02-06-34_266.jpg,2
img_2019-08-26_02-06-34_267.jpg,2
img_2019-08-26_02-06-34_268.jpg,2
img_2019-08-26_02-06-34_269.jpg,2
img_2019-08-26_02-06-34_270.jpg,2
img_2019-08-26_02-06-34_271.jpg,2
img_2019-08-26_02-06-34_272.jpg,2
img_2019-08-26_02-06-34_273.jpg,2
img_2019-08-26_02-06-34_274.jpg,2
img_2019-08-26_02-06-34_275.jpg,2
img_2019-08-26_02-06-34_276.jpg,2
img_2019-08-26_02-06-34_277.jpg,2
img_2019-08-26_02-06-34_278.jpg,2
img_2019-08-26_02-06-34_279.jpg,2
img_2019-08-26_02-06-34_280.jpg,2
img_2019-08-26_02-06-34_281.jpg,2
img_2019-08-26_02-06-34_282.jpg,2
img_2019-08-26_02-06-35_283.jpg,2
img_2019-08-26_02-06-35_284.jpg,2
img_2019-08-26_02-06-35_285.jpg,2
img_2019-08-26_02-06-35_286.jpg,2
img_2019-08-26_02-06-35_287.jpg,2
img_2019-08-26_02-06-35_288.jpg,2
img_2019-08-26_02-06-35_289.jpg,2
img_2019-08-26_02-06-35_290.jpg,2
img_2019-08-26_02-06-35_291.jpg,2
img_2019-08-26_02-06-35_292.jpg,2
img_2019-08-26_02-06-35_293.jpg,2
img_2019-08-26_02-06-35_294.jpg,2
img_2019-08-26_02-06-35_295.jpg,2
img_2019-08-26_02-06-35_296.jpg,2
img_2019-08-26_02-06-50_0.jpg,0
img_2019-08-26_02-06-50_1.jpg,0
img_2019-08-26_02-06-50_2.jpg,0
img_2019-08-26_02-06-50_3.jpg,0
img_2019-08-26_02-06-50_4.jpg,0
img_2019-08-26_02-06-50_5.jpg,0
img_2019-08-26_02-06-50_6.jpg,0
img_2019-08-26_02-06-50_7.jpg,0
img_2019-08-26_02-06-50_8.jpg,2
img_2019-08-26_02-06-50_9.jpg,2
img_2019-08-26_02-06-50_10.jpg,2
img_2019-08-26_02-06-50_11.jpg,2
img_2019-08-26_02-06-50_12.jpg,2
img_2019-08-26_02-06-51_13.jpg,2
img_2019-08-26_02-06-51_14.jpg,2
img_2019-08-26_02-06-51_15.jpg,2
img_2019-08-26_02-06-51_16.jpg,2
img_2019-08-26_02-06-51_17.jpg,2
img_2019-08-26_02-06-51_18.jpg,2
img_2019-08-26_02-06-51_19.jpg,2
img_2019-08-26_02-06-51_20.jpg,2
img_2019-08-26_02-06-51_21.jpg,2
img_2019-08-26_02-06-51_22.jpg,2
img_2019-08-26_02-06-51_23.jpg,2
img_2019-08-26_02-06-51_24.jpg,2
img_2019-08-26_02-06-51_25.jpg,2
img_2019-08-26_02-06-51_26.jpg,2
img_2019-08-26_02-06-51_27.jpg,2
img_2019-08-26_02-06-51_28.jpg,2
img_2019-08-26_02-06-51_29.jpg,2
img_2019-08-26_02-06-52_30.jpg,2
img_2019-08-26_02-06-52_31.jpg,2
img_2019-08-26_02-06-52_32.jpg,2
img_2019-08-26_02-06-52_33.jpg,2
img_2019-08-26_02-06-52_34.jpg,2
img_2019-08-26_02-06-52_35.jpg,2
img_2019-08-26_02-06-52_36.jpg,2
img_2019-08-26_02-06-52_37.jpg,2
img_2019-08-26_02-06-52_38.jpg,2
img_2019-08-26_02-06-52_39.jpg,2
img_2019-08-26_02-06-52_40.jpg,2
img_2019-08-26_02-06-52_41.jpg,2
img_2019-08-26_02-06-52_42.jpg,2
img_2019-08-26_02-06-52_43.jpg,2
img_2019-08-26_02-06-52_44.jpg,2
img_2019-08-26_02-06-52_45.jpg,1
img_2019-08-26_02-06-52_46.jpg,1
img_2019-08-26_02-06-53_47.jpg,1
img_2019-08-26_02-06-53_48.jpg,2
img_2019-08-26_02-06-53_49.jpg,2
img_2019-08-26_02-06-53_50.jpg,2
img_2019-08-26_02-06-53_51.jpg,2
img_2019-08-26_02-06-53_52.jpg,2
img_2019-08-26_02-06-53_53.jpg,2
img_2019-08-26_02-06-53_54.jpg,2
img_2019-08-26_02-06-53_55.jpg,2
img_2019-08-26_02-06-53_56.jpg,2
img_2019-08-26_02-06-53_57.jpg,2
img_2019-08-26_02-06-53_58.jpg,2
img_2019-08-26_02-06-53_59.jpg,2
img_2019-08-26_02-06-53_60.jpg,2
img_2019-08-26_02-06-53_61.jpg,2
img_2019-08-26_02-06-53_62.jpg,2
img_2019-08-26_02-06-54_63.jpg,2
img_2019-08-26_02-06-54_64.jpg,2
img_2019-08-26_02-06-54_65.jpg,2
img_2019-08-26_02-06-54_66.jpg,2
img_2019-08-26_02-06-54_67.jpg,2
img_2019-08-26_02-06-54_68.jpg,2
img_2019-08-26_02-06-54_69.jpg,2
img_2019-08-26_02-06-54_70.jpg,2
img_2019-08-26_02-06-54_71.jpg,2
img_2019-08-26_02-06-54_72.jpg,2
img_2019-08-26_02-06-54_73.jpg,2
img_2019-08-26_02-06-54_74.jpg,2
img_2019-08-26_02-06-54_75.jpg,2
img_2019-08-26_02-06-54_76.jpg,2
img_2019-08-26_02-06-54_77.jpg,2
img_2019-08-26_02-06-54_78.jpg,2
img_2019-08-26_02-06-54_79.jpg,2
img_2019-08-26_02-06-55_80.jpg,2
img_2019-08-26_02-06-55_81.jpg,2
img_2019-08-26_02-06-55_82.jpg,2
img_2019-08-26_02-06-55_83.jpg,2
img_2019-08-26_02-06-55_84.jpg,2
img_2019-08-26_02-06-55_85.jpg,2
img_2019-08-26_02-06-55_86.jpg,2
img_2019-08-26_02-06-55_87.jpg,2
img_2019-08-26_02-06-55_88.jpg,2
img_2019-08-26_02-06-55_89.jpg,2
img_2019-08-26_02-06-55_90.jpg,2
img_2019-08-26_02-06-55_91.jpg,2
img_2019-08-26_02-06-55_92.jpg,2
img_2019-08-26_02-06-55_93.jpg,2
img_2019-08-26_02-06-55_94.jpg,2
img_2019-08-26_02-06-55_95.jpg,2
img_2019-08-26_02-06-55_96.jpg,2
img_2019-08-26_02-06-56_97.jpg,2
img_2019-08-26_02-06-56_98.jpg,2
img_2019-08-26_02-06-56_99.jpg,2
img_2019-08-26_02-06-56_100.jpg,2
img_2019-08-26_02-06-56_101.jpg,2
img_2019-08-26_02-06-56_102.jpg,2
img_2019-08-26_02-06-56_103.jpg,2
img_2019-08-26_02-06-56_104.jpg,2
img_2019-08-26_02-06-56_105.jpg,2
img_2019-08-26_02-06-56_106.jpg,2
img_2019-08-26_02-06-56_107.jpg,2
img_2019-08-26_02-06-56_108.jpg,2
img_2019-08-26_02-06-56_109.jpg,2
img_2019-08-26_02-06-56_110.jpg,2
img_2019-08-26_02-06-56_111.jpg,2
img_2019-08-26_02-06-56_112.jpg,2
img_2019-08-26_02-06-57_113.jpg,2
img_2019-08-26_02-06-57_114.jpg,2
img_2019-08-26_02-06-57_115.jpg,2
img_2019-08-26_02-06-57_116.jpg,2
img_2019-08-26_02-06-57_117.jpg,2
img_2019-08-26_02-06-57_118.jpg,2
img_2019-08-26_02-06-57_119.jpg,2
img_2019-08-26_02-06-57_120.jpg,2
img_2019-08-26_02-06-57_121.jpg,2
img_2019-08-26_02-06-57_122.jpg,2
img_2019-08-26_02-06-57_123.jpg,2
img_2019-08-26_02-06-57_124.jpg,2
img_2019-08-26_02-06-57_125.jpg,2
img_2019-08-26_02-06-57_126.jpg,2
img_2019-08-26_02-06-57_127.jpg,2
img_2019-08-26_02-06-57_128.jpg,2
img_2019-08-26_02-06-57_129.jpg,2
img_2019-08-26_02-06-58_130.jpg,2
img_2019-08-26_02-06-58_131.jpg,2
img_2019-08-26_02-06-58_132.jpg,2
img_2019-08-26_02-06-58_133.jpg,2
img_2019-08-26_02-06-58_134.jpg,2
img_2019-08-26_02-06-58_135.jpg,2
img_2019-08-26_02-06-58_136.jpg,2
img_2019-08-26_02-06-58_137.jpg,2
img_2019-08-26_02-06-58_138.jpg,2
img_2019-08-26_02-06-58_139.jpg,2
img_2019-08-26_02-06-58_140.jpg,2
img_2019-08-26_02-06-58_141.jpg,2
img_2019-08-26_02-06-58_142.jpg,2
img_2019-08-26_02-06-58_143.jpg,2
img_2019-08-26_02-06-58_144.jpg,2
img_2019-08-26_02-06-58_145.jpg,2
img_2019-08-26_02-06-59_146.jpg,2
img_2019-08-26_02-06-59_147.jpg,2
img_2019-08-26_02-06-59_148.jpg,2
img_2019-08-26_02-06-59_149.jpg,2
img_2019-08-26_02-06-59_150.jpg,2
img_2019-08-26_02-06-59_151.jpg,2
img_2019-08-26_02-06-59_152.jpg,2
img_2019-08-26_02-06-59_153.jpg,2
img_2019-08-26_02-06-59_154.jpg,2
img_2019-08-26_02-06-59_155.jpg,2
img_2019-08-26_02-06-59_156.jpg,2
img_2019-08-26_02-06-59_157.jpg,2
img_2019-08-26_02-06-59_158.jpg,2
img_2019-08-26_02-06-59_159.jpg,2
img_2019-08-26_02-06-59_160.jpg,2
img_2019-08-26_02-06-59_161.jpg,2
img_2019-08-26_02-06-59_162.jpg,2
img_2019-08-26_02-07-00_163.jpg,2
img_2019-08-26_02-07-00_164.jpg,2
img_2019-08-26_02-07-00_165.jpg,2
img_2019-08-26_02-07-00_166.jpg,2
img_2019-08-26_02-07-00_167.jpg,2
img_2019-08-26_02-07-00_168.jpg,2
img_2019-08-26_02-07-00_169.jpg,2
img_2019-08-26_02-07-00_170.jpg,2
img_2019-08-26_02-07-00_171.jpg,2
img_2019-08-26_02-07-00_172.jpg,2
img_2019-08-26_02-07-00_173.jpg,2
img_2019-08-26_02-07-00_174.jpg,2
img_2019-08-26_02-07-00_175.jpg,2
img_2019-08-26_02-07-00_176.jpg,2
img_2019-08-26_02-07-00_177.jpg,2
img_2019-08-26_02-07-00_178.jpg,2
img_2019-08-26_02-07-00_179.jpg,2
img_2019-08-26_02-07-01_180.jpg,2
img_2019-08-26_02-07-01_181.jpg,2
img_2019-08-26_02-07-01_182.jpg,2
img_2019-08-26_02-07-01_183.jpg,2
img_2019-08-26_02-07-01_184.jpg,2
img_2019-08-26_02-07-01_185.jpg,2
img_2019-08-26_02-07-01_186.jpg,2
img_2019-08-26_02-07-01_187.jpg,2
img_2019-08-26_02-07-01_188.jpg,2
img_2019-08-26_02-07-01_189.jpg,2
img_2019-08-26_02-07-01_190.jpg,2
img_2019-08-26_02-07-01_191.jpg,2
img_2019-08-26_02-07-01_192.jpg,2
img_2019-08-26_02-07-01_193.jpg,2
img_2019-08-26_02-07-01_194.jpg,2
img_2019-08-26_02-07-01_195.jpg,2
img_2019-08-26_02-07-02_196.jpg,2
img_2019-08-26_02-07-02_197.jpg,2
img_2019-08-26_02-07-02_198.jpg,2
img_2019-08-26_02-07-02_199.jpg,2
img_2019-08-26_02-07-02_200.jpg,2
img_2019-08-26_02-07-02_201.jpg,2
img_2019-08-26_02-07-02_202.jpg,2
img_2019-08-26_02-07-02_203.jpg,2
img_2019-08-26_02-07-02_204.jpg,2
img_2019-08-26_02-07-02_205.jpg,3
img_2019-08-26_02-07-02_206.jpg,3
img_2019-08-26_02-07-02_207.jpg,3
img_2019-08-26_02-07-02_208.jpg,3
img_2019-08-26_02-07-02_209.jpg,3
img_2019-08-26_02-07-02_210.jpg,3
img_2019-08-26_02-07-02_211.jpg,3
img_2019-08-26_02-07-02_212.jpg,3
img_2019-08-26_02-07-03_213.jpg,3
img_2019-08-26_02-07-03_214.jpg,3
img_2019-08-26_02-07-03_215.jpg,3
img_2019-08-26_02-07-03_216.jpg,3
img_2019-08-26_02-07-03_217.jpg,3
img_2019-08-26_02-07-03_218.jpg,2
img_2019-08-26_02-07-03_219.jpg,2
img_2019-08-26_02-07-03_220.jpg,2
img_2019-08-26_02-07-03_221.jpg,2
img_2019-08-26_02-07-03_222.jpg,2
img_2019-08-26_02-07-03_223.jpg,2
img_2019-08-26_02-07-03_224.jpg,2
img_2019-08-26_02-07-03_225.jpg,2
img_2019-08-26_02-07-03_226.jpg,2
img_2019-08-26_02-07-03_227.jpg,2
img_2019-08-26_02-07-03_228.jpg,2
img_2019-08-26_02-07-03_229.jpg,2
img_2019-08-26_02-07-04_230.jpg,2
img_2019-08-26_02-07-04_231.jpg,2
img_2019-08-26_02-07-04_232.jpg,2
img_2019-08-26_02-07-04_233.jpg,2
img_2019-08-26_02-07-04_234.jpg,2
img_2019-08-26_02-07-04_235.jpg,2
img_2019-08-26_02-07-04_236.jpg,2
img_2019-08-26_02-07-04_237.jpg,2
img_2019-08-26_02-07-04_238.jpg,2
img_2019-08-26_02-07-04_239.jpg,2
img_2019-08-26_02-07-04_240.jpg,2
img_2019-08-26_02-07-04_241.jpg,2
img_2019-08-26_02-07-04_242.jpg,2
img_2019-08-26_02-07-04_243.jpg,2
img_2019-08-26_02-07-04_244.jpg,2
img_2019-08-26_02-07-04_245.jpg,2
img_2019-08-26_02-07-05_246.jpg,2
img_2019-08-26_02-07-05_247.jpg,2
img_2019-08-26_02-07-05_248.jpg,2
img_2019-08-26_02-07-05_249.jpg,2
img_2019-08-26_02-07-05_250.jpg,2
img_2019-08-26_02-07-05_251.jpg,2
img_2019-08-26_02-07-05_252.jpg,2
img_2019-08-26_02-07-05_253.jpg,2
img_2019-08-26_02-07-05_254.jpg,2
img_2019-08-26_02-07-05_255.jpg,2
img_2019-08-26_02-07-05_256.jpg,2
img_2019-08-26_02-07-05_257.jpg,2
img_2019-08-26_02-07-05_258.jpg,2
img_2019-08-26_02-07-05_259.jpg,2
img_2019-08-26_02-07-05_260.jpg,2
img_2019-08-26_02-07-05_261.jpg,2
img_2019-08-26_02-07-05_262.jpg,2
img_2019-08-26_02-07-06_263.jpg,2
img_2019-08-26_02-07-06_264.jpg,2
img_2019-08-26_02-07-06_265.jpg,2
img_2019-08-26_02-07-06_266.jpg,2
img_2019-08-26_02-07-06_267.jpg,2
img_2019-08-26_02-07-06_268.jpg,2
img_2019-08-26_02-07-06_269.jpg,2
img_2019-08-26_02-07-06_270.jpg,2
img_2019-08-26_02-07-06_271.jpg,2
img_2019-08-26_02-07-06_272.jpg,2
img_2019-08-26_02-07-06_273.jpg,3
img_2019-08-26_02-07-06_274.jpg,3
img_2019-08-26_02-07-06_275.jpg,3
img_2019-08-26_02-07-06_276.jpg,3
img_2019-08-26_02-07-06_277.jpg,3
img_2019-08-26_02-07-06_278.jpg,3
img_2019-08-26_02-07-06_279.jpg,3
img_2019-08-26_02-07-07_280.jpg,3
img_2019-08-26_02-07-07_281.jpg,3
img_2019-08-26_02-07-07_282.jpg,3
img_2019-08-26_02-07-07_283.jpg,3
img_2019-08-26_02-07-07_284.jpg,3
img_2019-08-26_02-07-07_285.jpg,3
img_2019-08-26_02-07-07_286.jpg,3
img_2019-08-26_02-07-07_287.jpg,3
img_2019-08-26_02-07-07_288.jpg,3
img_2019-08-26_02-07-07_289.jpg,3
img_2019-08-26_02-07-07_290.jpg,3
img_2019-08-26_02-07-07_291.jpg,3
img_2019-08-26_02-07-07_292.jpg,3
img_2019-08-26_02-07-07_293.jpg,3
img_2019-08-26_02-07-07_294.jpg,3
img_2019-08-26_02-07-08_295.jpg,3
img_2019-08-26_02-07-08_296.jpg,3
img_2019-08-26_02-07-08_297.jpg,3
img_2019-08-26_02-07-08_298.jpg,3
img_2019-08-26_02-07-08_299.jpg,3
img_2019-08-26_02-07-08_300.jpg,3
img_2019-08-26_02-07-08_301.jpg,3
img_2019-08-26_02-07-08_302.jpg,2
img_2019-08-26_02-07-08_303.jpg,2
img_2019-08-26_02-07-09_304.jpg,2
img_2019-08-26_02-07-09_305.jpg,2
img_2019-08-26_02-07-09_306.jpg,2
img_2019-08-26_02-07-09_307.jpg,2
img_2019-08-26_02-07-09_308.jpg,2
img_2019-08-26_02-07-09_309.jpg,2
img_2019-08-26_02-07-09_310.jpg,2
img_2019-08-26_02-07-09_311.jpg,2
img_2019-08-26_02-07-09_312.jpg,2
img_2019-08-26_02-07-10_313.jpg,2
img_2019-08-26_02-07-10_314.jpg,2
img_2019-08-26_02-07-10_315.jpg,2
img_2019-08-26_02-07-10_316.jpg,2
img_2019-08-26_02-07-10_317.jpg,2
img_2019-08-26_02-07-10_318.jpg,2
img_2019-08-26_02-07-10_319.jpg,2
img_2019-08-26_02-07-10_320.jpg,2
img_2019-08-26_02-07-11_321.jpg,2
img_2019-08-26_02-07-11_322.jpg,2
img_2019-08-26_02-07-11_323.jpg,2
img_2019-08-26_02-07-11_324.jpg,2
img_2019-08-26_02-07-11_325.jpg,2
img_2019-08-26_02-07-11_326.jpg,2
img_2019-08-26_02-07-11_327.jpg,2
img_2019-08-26_02-07-11_328.jpg,2
img_2019-08-26_02-07-12_329.jpg,3
img_2019-08-26_02-07-12_330.jpg,3
img_2019-08-26_02-07-12_331.jpg,3
img_2019-08-26_02-07-12_332.jpg,3
img_2019-08-26_02-07-12_333.jpg,3
img_2019-08-26_02-07-12_334.jpg,3
img_2019-08-26_02-07-12_335.jpg,3
img_2019-08-26_02-07-12_336.jpg,3
img_2019-08-26_02-07-12_337.jpg,3
img_2019-08-26_02-07-13_338.jpg,3
img_2019-08-26_02-07-13_339.jpg,3
img_2019-08-26_02-07-13_340.jpg,2
img_2019-08-26_02-07-13_341.jpg,2
img_2019-08-26_02-07-13_342.jpg,2
img_2019-08-26_02-07-13_343.jpg,2
img_2019-08-26_02-07-13_344.jpg,2
img_2019-08-26_02-07-13_345.jpg,2
img_2019-08-26_02-07-14_346.jpg,2
img_2019-08-26_02-07-14_347.jpg,2
img_2019-08-26_02-07-14_348.jpg,2
img_2019-08-26_02-07-14_349.jpg,2
img_2019-08-26_02-07-14_350.jpg,2
img_2019-08-26_02-07-14_351.jpg,2
img_2019-08-26_02-07-14_352.jpg,2
img_2019-08-26_02-07-14_353.jpg,2
img_2019-08-26_02-07-15_354.jpg,2
img_2019-08-26_02-07-15_355.jpg,2
img_2019-08-26_02-07-15_356.jpg,2
img_2019-08-26_02-07-15_357.jpg,2
img_2019-08-26_02-07-15_358.jpg,2
img_2019-08-26_02-07-15_359.jpg,2
img_2019-08-26_02-07-15_360.jpg,2
img_2019-08-26_02-07-29_0.jpg,0
img_2019-08-26_02-07-29_1.jpg,0
img_2019-08-26_02-07-29_2.jpg,0
img_2019-08-26_02-07-29_3.jpg,2
img_2019-08-26_02-07-30_4.jpg,2
img_2019-08-26_02-07-30_5.jpg,2
img_2019-08-26_02-07-30_6.jpg,2
img_2019-08-26_02-07-30_7.jpg,2
img_2019-08-26_02-07-30_8.jpg,2
img_2019-08-26_02-07-30_9.jpg,2
img_2019-08-26_02-07-30_10.jpg,2
img_2019-08-26_02-07-30_11.jpg,2
img_2019-08-26_02-07-31_12.jpg,2
img_2019-08-26_02-07-31_13.jpg,2
img_2019-08-26_02-07-31_14.jpg,2
img_2019-08-26_02-07-31_15.jpg,2
img_2019-08-26_02-07-31_16.jpg,2
img_2019-08-26_02-07-31_17.jpg,2
img_2019-08-26_02-07-31_18.jpg,2
img_2019-08-26_02-07-31_19.jpg,2
img_2019-08-26_02-07-31_20.jpg,2
img_2019-08-26_02-07-32_21.jpg,2
img_2019-08-26_02-07-32_22.jpg,2
img_2019-08-26_02-07-32_23.jpg,2
img_2019-08-26_02-07-32_24.jpg,2
img_2019-08-26_02-07-32_25.jpg,2
img_2019-08-26_02-07-32_26.jpg,2
img_2019-08-26_02-07-32_27.jpg,1
img_2019-08-26_02-07-32_28.jpg,2
img_2019-08-26_02-07-33_29.jpg,2
img_2019-08-26_02-07-33_30.jpg,2
img_2019-08-26_02-07-33_31.jpg,2
img_2019-08-26_02-07-33_32.jpg,2
img_2019-08-26_02-07-33_33.jpg,2
img_2019-08-26_02-07-33_34.jpg,2
img_2019-08-26_02-07-33_35.jpg,2
img_2019-08-26_02-07-33_36.jpg,2
img_2019-08-26_02-07-34_37.jpg,2
img_2019-08-26_02-07-34_38.jpg,2
img_2019-08-26_02-07-34_39.jpg,2
img_2019-08-26_02-07-34_40.jpg,2
img_2019-08-26_02-07-34_41.jpg,2
img_2019-08-26_02-07-34_42.jpg,2
img_2019-08-26_02-07-34_43.jpg,2
img_2019-08-26_02-07-34_44.jpg,2
img_2019-08-26_02-07-34_45.jpg,2
img_2019-08-26_02-07-35_46.jpg,2
img_2019-08-26_02-07-35_47.jpg,2
img_2019-08-26_02-07-35_48.jpg,2
img_2019-08-26_02-07-35_49.jpg,2
img_2019-08-26_02-07-35_50.jpg,2
img_2019-08-26_02-07-35_51.jpg,2
img_2019-08-26_02-07-35_52.jpg,2
img_2019-08-26_02-07-35_53.jpg,2
img_2019-08-26_02-07-36_54.jpg,2
img_2019-08-26_02-07-36_55.jpg,2
img_2019-08-26_02-07-36_56.jpg,2
img_2019-08-26_02-07-36_57.jpg,2
img_2019-08-26_02-07-36_58.jpg,2
img_2019-08-26_02-07-36_59.jpg,2
img_2019-08-26_02-07-36_60.jpg,2
img_2019-08-26_02-07-36_61.jpg,2
img_2019-08-26_02-07-37_62.jpg,2
img_2019-08-26_02-07-37_63.jpg,2
img_2019-08-26_02-07-37_64.jpg,2
img_2019-08-26_02-07-37_65.jpg,2
img_2019-08-26_02-07-37_66.jpg,2
img_2019-08-26_02-07-37_67.jpg,2
img_2019-08-26_02-07-37_68.jpg,2
img_2019-08-26_02-07-37_69.jpg,2
img_2019-08-26_02-07-37_70.jpg,2
img_2019-08-26_02-07-38_71.jpg,2
img_2019-08-26_02-07-38_72.jpg,2
img_2019-08-26_02-07-38_73.jpg,2
img_2019-08-26_02-07-38_74.jpg,2
img_2019-08-26_02-07-38_75.jpg,2
img_2019-08-26_02-07-38_76.jpg,2
img_2019-08-26_02-07-38_77.jpg,2
img_2019-08-26_02-07-38_78.jpg,2
img_2019-08-26_02-07-39_79.jpg,2
img_2019-08-26_02-07-39_80.jpg,2
img_2019-08-26_02-07-39_81.jpg,2
img_2019-08-26_02-07-39_82.jpg,2
img_2019-08-26_02-07-39_83.jpg,2
img_2019-08-26_02-07-39_84.jpg,2
img_2019-08-26_02-07-39_85.jpg,2
img_2019-08-26_02-07-39_86.jpg,2
img_2019-08-26_02-07-40_87.jpg,2
img_2019-08-26_02-07-40_88.jpg,2
img_2019-08-26_02-07-40_89.jpg,2
img_2019-08-26_02-07-40_90.jpg,2
img_2019-08-26_02-07-40_91.jpg,2
img_2019-08-26_02-07-40_92.jpg,2
img_2019-08-26_02-07-40_93.jpg,2
img_2019-08-26_02-07-40_94.jpg,2
img_2019-08-26_02-07-40_95.jpg,2
img_2019-08-26_02-07-41_96.jpg,1
img_2019-08-26_02-07-41_97.jpg,1
img_2019-08-26_02-07-41_98.jpg,1
img_2019-08-26_02-07-41_99.jpg,1
img_2019-08-26_02-07-41_100.jpg,1
img_2019-08-26_02-07-41_101.jpg,1
img_2019-08-26_02-07-41_102.jpg,1
img_2019-08-26_02-07-41_103.jpg,1
img_2019-08-26_02-07-42_104.jpg,1
img_2019-08-26_02-07-42_105.jpg,1
img_2019-08-26_02-07-42_106.jpg,1
img_2019-08-26_02-07-42_107.jpg,2
img_2019-08-26_02-07-42_108.jpg,2
img_2019-08-26_02-07-42_109.jpg,2
img_2019-08-26_02-07-42_110.jpg,2
img_2019-08-26_02-07-42_111.jpg,2
img_2019-08-26_02-07-43_112.jpg,2
img_2019-08-26_02-07-43_113.jpg,2
img_2019-08-26_02-07-43_114.jpg,2
img_2019-08-26_02-07-43_115.jpg,2
img_2019-08-26_02-07-43_116.jpg,2
img_2019-08-26_02-07-43_117.jpg,2
img_2019-08-26_02-07-43_118.jpg,2
img_2019-08-26_02-07-43_119.jpg,2
img_2019-08-26_02-07-43_120.jpg,2
img_2019-08-26_02-07-44_121.jpg,2
img_2019-08-26_02-07-44_122.jpg,2
img_2019-08-26_02-07-44_123.jpg,2
img_2019-08-26_02-07-44_124.jpg,2
img_2019-08-26_02-07-44_125.jpg,2
img_2019-08-26_02-07-44_126.jpg,2
img_2019-08-26_02-07-44_127.jpg,2
img_2019-08-26_02-07-44_128.jpg,2
img_2019-08-26_02-07-45_129.jpg,2
img_2019-08-26_02-07-45_130.jpg,2
img_2019-08-26_02-07-45_131.jpg,2
img_2019-08-26_02-07-45_132.jpg,2
img_2019-08-26_02-07-45_133.jpg,2
img_2019-08-26_02-07-45_134.jpg,2
img_2019-08-26_02-07-45_135.jpg,2
img_2019-08-26_02-07-45_136.jpg,2
img_2019-08-26_02-07-46_137.jpg,2
img_2019-08-26_02-07-46_138.jpg,2
img_2019-08-26_02-07-46_139.jpg,2
img_2019-08-26_02-07-46_140.jpg,2
img_2019-08-26_02-07-46_141.jpg,2
img_2019-08-26_02-07-46_142.jpg,1
img_2019-08-26_02-07-46_143.jpg,1
img_2019-08-26_02-07-46_144.jpg,1
img_2019-08-26_02-07-46_145.jpg,1
img_2019-08-26_02-07-47_146.jpg,2
img_2019-08-26_02-07-47_147.jpg,2
img_2019-08-26_02-07-47_148.jpg,2
img_2019-08-26_02-07-47_149.jpg,2
img_2019-08-26_02-07-47_150.jpg,2
img_2019-08-26_02-07-47_151.jpg,2
img_2019-08-26_02-07-47_152.jpg,2
img_2019-08-26_02-07-47_153.jpg,2
img_2019-08-26_02-07-47_154.jpg,2
img_2019-08-26_02-07-47_155.jpg,2
img_2019-08-26_02-07-47_156.jpg,2
img_2019-08-26_02-07-48_157.jpg,2
img_2019-08-26_02-07-48_158.jpg,2
img_2019-08-26_02-07-48_159.jpg,2
img_2019-08-26_02-07-48_160.jpg,1
img_2019-08-26_02-07-48_161.jpg,1
img_2019-08-26_02-07-48_162.jpg,1
img_2019-08-26_02-07-48_163.jpg,1
img_2019-08-26_02-07-48_164.jpg,1
img_2019-08-26_02-07-48_165.jpg,1
img_2019-08-26_02-07-48_166.jpg,1
img_2019-08-26_02-07-48_167.jpg,1
img_2019-08-26_02-07-48_168.jpg,1
img_2019-08-26_02-07-48_169.jpg,1
img_2019-08-26_02-07-48_170.jpg,1
img_2019-08-26_02-07-49_171.jpg,1
img_2019-08-26_02-07-49_172.jpg,1
img_2019-08-26_02-07-49_173.jpg,1
img_2019-08-26_02-07-49_174.jpg,1
img_2019-08-26_02-07-49_175.jpg,1
img_2019-08-26_02-07-49_176.jpg,1
img_2019-08-26_02-07-49_177.jpg,1
img_2019-08-26_02-07-49_178.jpg,1
img_2019-08-26_02-07-49_179.jpg,1
img_2019-08-26_02-07-49_180.jpg,1
img_2019-08-26_02-07-49_181.jpg,1
img_2019-08-26_02-07-49_182.jpg,1
img_2019-08-26_02-07-49_183.jpg,1
img_2019-08-26_02-07-49_184.jpg,2
img_2019-08-26_02-07-49_185.jpg,2
img_2019-08-26_02-07-49_186.jpg,2
img_2019-08-26_02-07-49_187.jpg,2
img_2019-08-26_02-07-49_188.jpg,2
img_2019-08-26_02-07-50_189.jpg,2
img_2019-08-26_02-07-50_190.jpg,2
img_2019-08-26_02-07-50_191.jpg,2
img_2019-08-26_02-07-50_192.jpg,2
img_2019-08-26_02-07-50_193.jpg,2
img_2019-08-26_02-07-50_194.jpg,2
img_2019-08-26_02-07-50_195.jpg,2
img_2019-08-26_02-07-50_196.jpg,2
img_2019-08-26_02-07-50_197.jpg,2
img_2019-08-26_02-07-50_198.jpg,2
img_2019-08-26_02-07-50_199.jpg,2
img_2019-08-26_02-07-50_200.jpg,2
img_2019-08-26_02-07-50_201.jpg,2
img_2019-08-26_02-07-50_202.jpg,2
img_2019-08-26_02-07-50_203.jpg,2
img_2019-08-26_02-07-50_204.jpg,2
img_2019-08-26_02-07-50_205.jpg,2
img_2019-08-26_02-07-50_206.jpg,2
img_2019-08-26_02-07-50_207.jpg,2
img_2019-08-26_02-07-50_208.jpg,2
img_2019-08-26_02-07-51_209.jpg,2
img_2019-08-26_02-07-51_210.jpg,2
img_2019-08-26_02-07-51_211.jpg,2
img_2019-08-26_02-07-51_212.jpg,2
img_2019-08-26_02-07-51_213.jpg,2
img_2019-08-26_02-07-51_214.jpg,2
img_2019-08-26_02-07-51_215.jpg,2
img_2019-08-26_02-07-51_216.jpg,2
img_2019-08-26_02-07-51_217.jpg,2
img_2019-08-26_02-07-51_218.jpg,2
img_2019-08-26_02-07-51_219.jpg,2
img_2019-08-26_02-07-51_220.jpg,2
img_2019-08-26_02-07-51_221.jpg,1
img_2019-08-26_02-07-51_222.jpg,1
img_2019-08-26_02-07-51_223.jpg,1
img_2019-08-26_02-07-51_224.jpg,1
img_2019-08-26_02-07-51_225.jpg,1
img_2019-08-26_02-07-51_226.jpg,1
img_2019-08-26_02-07-51_227.jpg,1
img_2019-08-26_02-07-51_228.jpg,1
img_2019-08-26_02-07-52_229.jpg,2
img_2019-08-26_02-07-52_230.jpg,2
img_2019-08-26_02-07-52_231.jpg,2
img_2019-08-26_02-07-52_232.jpg,2
img_2019-08-26_02-07-52_233.jpg,2
img_2019-08-26_02-07-52_234.jpg,2
img_2019-08-26_02-07-52_235.jpg,2
img_2019-08-26_02-07-52_236.jpg,2
img_2019-08-26_02-07-52_237.jpg,2
img_2019-08-26_02-07-52_238.jpg,2
img_2019-08-26_02-07-52_239.jpg,2
img_2019-08-26_02-07-52_240.jpg,2
img_2019-08-26_02-07-52_241.jpg,2
img_2019-08-26_02-07-52_242.jpg,2
img_2019-08-26_02-07-52_243.jpg,2
img_2019-08-26_02-07-52_244.jpg,2
img_2019-08-26_02-07-52_245.jpg,2
img_2019-08-26_02-07-52_246.jpg,2
img_2019-08-26_02-07-52_247.jpg,2
img_2019-08-26_02-07-52_248.jpg,2
img_2019-08-26_02-07-53_249.jpg,2
img_2019-08-26_02-07-53_250.jpg,2
img_2019-08-26_02-07-53_251.jpg,2
img_2019-08-26_02-07-53_252.jpg,2
img_2019-08-26_02-07-53_253.jpg,2
img_2019-08-26_02-07-53_254.jpg,2
img_2019-08-26_02-07-53_255.jpg,2
img_2019-08-26_02-07-53_256.jpg,2
img_2019-08-26_02-07-53_257.jpg,2
img_2019-08-26_02-07-53_258.jpg,2
img_2019-08-26_02-07-53_259.jpg,2
img_2019-08-26_02-07-53_260.jpg,2
img_2019-08-26_02-07-53_261.jpg,1
img_2019-08-26_02-07-53_262.jpg,2
img_2019-08-26_02-07-53_263.jpg,2
img_2019-08-26_02-07-53_264.jpg,2
img_2019-08-26_02-07-53_265.jpg,2
img_2019-08-26_02-07-53_266.jpg,2
img_2019-08-26_02-07-53_267.jpg,2
img_2019-08-26_02-07-53_268.jpg,2
img_2019-08-26_02-07-54_269.jpg,2
img_2019-08-26_02-07-54_270.jpg,2
img_2019-08-26_02-07-54_271.jpg,2
img_2019-08-26_02-07-54_272.jpg,2
img_2019-08-26_02-07-54_273.jpg,2
img_2019-08-26_02-07-54_274.jpg,2
img_2019-08-26_02-07-54_275.jpg,2
img_2019-08-26_02-07-54_276.jpg,2
img_2019-08-26_02-07-54_277.jpg,2
img_2019-08-26_02-07-54_278.jpg,2
img_2019-08-26_02-07-54_279.jpg,2
img_2019-08-26_02-07-54_280.jpg,2
img_2019-08-26_02-07-54_281.jpg,2
img_2019-08-26_02-07-54_282.jpg,2
img_2019-08-26_02-07-54_283.jpg,2
img_2019-08-26_02-07-54_284.jpg,2
img_2019-08-26_02-07-54_285.jpg,2
img_2019-08-26_02-07-54_286.jpg,2
img_2019-08-26_02-07-54_287.jpg,2
img_2019-08-26_02-07-54_288.jpg,2
img_2019-08-26_02-07-55_289.jpg,2
img_2019-08-26_02-07-55_290.jpg,2
img_2019-08-26_02-07-55_291.jpg,2
img_2019-08-26_02-07-55_292.jpg,2
img_2019-08-26_02-07-55_293.jpg,2
img_2019-08-26_02-07-55_294.jpg,2
img_2019-08-26_02-07-55_295.jpg,2
img_2019-08-26_02-07-55_296.jpg,2
img_2019-08-26_02-07-55_297.jpg,2
img_2019-08-26_02-07-55_298.jpg,2
img_2019-08-26_02-07-55_299.jpg,2
img_2019-08-26_02-07-55_300.jpg,2
img_2019-08-26_02-07-55_301.jpg,2
img_2019-08-26_02-07-55_302.jpg,2
img_2019-08-26_02-07-55_303.jpg,2
img_2019-08-26_02-07-55_304.jpg,0
img_2019-08-26_02-07-55_305.jpg,0
img_2019-08-26_02-07-55_306.jpg,0
